{
  "mean_sens": 0.9687594720665663,
  "mean_spec": 0.05665135656543144,
  "mean_auto": 0.8670212769806657,
  "pooled_sens": 0.9848484848484849,
  "total_fn": 22
}