{
  "0.05": {
    "mean_sens": 0.9863881187883954,
    "mean_spec": 0.05069970309171909,
    "mean_auto": 0.3894357252162659,
    "pooled_sens": 0.9896337249481686,
    "total_fn": 15
  },
  "0.1": {
    "mean_sens": 0.9863881187883954,
    "mean_spec": 0.05069970309171909,
    "mean_auto": 0.3894357252162659,
    "pooled_sens": 0.9896337249481686,
    "total_fn": 15
  },
  "0.15": {
    "mean_sens": 0.9863881187883954,
    "mean_spec": 0.05069970309171909,
    "mean_auto": 0.3894357252162659,
    "pooled_sens": 0.9896337249481686,
    "total_fn": 15
  },
  "0.2": {
    "mean_sens": 0.9863881187883954,
    "mean_spec": 0.05069970309171909,
    "mean_auto": 0.3894357252162659,
    "pooled_sens": 0.9896337249481686,
    "total_fn": 15
  },
  "0.25": {
    "mean_sens": 0.9863881187883954,
    "mean_spec": 0.05069970309171909,
    "mean_auto": 0.3894357252162659,
    "pooled_sens": 0.9896337249481686,
    "total_fn": 15
  },
  "0.3": {
    "mean_sens": 0.9863881187883954,
    "mean_spec": 0.05069970309171909,
    "mean_auto": 0.3894357252162659,
    "pooled_sens": 0.9896337249481686,
    "total_fn": 15
  }
}