{
  "a6_baselines": {
    "Appenzeller-Herzog_2019": 0.34615384615384615,
    "Chou_2003": 0.6666666666666666,
    "Hall_2012": 0.9423076923076923,
    "Jeyaraman_2020": 0.9479166666666666,
    "Leenaars_2020": 0.9690721649484536,
    "Moran_2021": 0.963963963963964,
    "Muthu_2021": 0.9672619047619048,
    "Radjenovic_2013": 1.0,
    "Smid_2020": 0.9629629629629629,
    "Wassenaar_2017": 0.9099099099099099,
    "van_de_Schoot_2018": 0.9736842105263158,
    "van_der_Waal_2022": 0.5454545454545454
  },
  "matrix": [
    {
      "threshold": 20,
      "shrinkage": 0.0,
      "reg_C": 0.1,
      "mean_delta": -0.07526513091912578,
      "worst_delta": -0.59375,
      "n_negative": 4,
      "sensitivities": {
        "Appenzeller-Herzog_2019": 0.34615384615384615,
        "Chou_2003": 0.6666666666666666,
        "Hall_2012": 0.9519230769230769,
        "Jeyaraman_2020": 0.3541666666666667,
        "Leenaars_2020": 0.9862542955326461,
        "Moran_2021": 0.9279279279279279,
        "Muthu_2021": 0.9553571428571429,
        "Radjenovic_2013": 1.0,
        "Smid_2020": 0.9629629629629629,
        "Wassenaar_2017": 0.6216216216216216,
        "van_de_Schoot_2018": 0.9736842105263158,
        "van_der_Waal_2022": 0.5454545454545454
      }
    },
    {
      "threshold": 20,
      "shrinkage": 0.3,
      "reg_C": 0.1,
      "mean_delta": -0.07526513091912578,
      "worst_delta": -0.59375,
      "n_negative": 4,
      "sensitivities": {
        "Appenzeller-Herzog_2019": 0.34615384615384615,
        "Chou_2003": 0.6666666666666666,
        "Hall_2012": 0.9519230769230769,
        "Jeyaraman_2020": 0.3541666666666667,
        "Leenaars_2020": 0.9862542955326461,
        "Moran_2021": 0.9279279279279279,
        "Muthu_2021": 0.9553571428571429,
        "Radjenovic_2013": 1.0,
        "Smid_2020": 0.9629629629629629,
        "Wassenaar_2017": 0.6216216216216216,
        "van_de_Schoot_2018": 0.9736842105263158,
        "van_der_Waal_2022": 0.5454545454545454
      }
    },
    {
      "threshold": 20,
      "shrinkage": 0.5,
      "reg_C": 0.1,
      "mean_delta": -0.07526513091912578,
      "worst_delta": -0.59375,
      "n_negative": 4,
      "sensitivities": {
        "Appenzeller-Herzog_2019": 0.34615384615384615,
        "Chou_2003": 0.6666666666666666,
        "Hall_2012": 0.9519230769230769,
        "Jeyaraman_2020": 0.3541666666666667,
        "Leenaars_2020": 0.9862542955326461,
        "Moran_2021": 0.9279279279279279,
        "Muthu_2021": 0.9553571428571429,
        "Radjenovic_2013": 1.0,
        "Smid_2020": 0.9629629629629629,
        "Wassenaar_2017": 0.6216216216216216,
        "van_de_Schoot_2018": 0.9736842105263158,
        "van_der_Waal_2022": 0.5454545454545454
      }
    },
    {
      "threshold": 20,
      "shrinkage": 0.7,
      "reg_C": 0.1,
      "mean_delta": -0.07526513091912578,
      "worst_delta": -0.59375,
      "n_negative": 4,
      "sensitivities": {
        "Appenzeller-Herzog_2019": 0.34615384615384615,
        "Chou_2003": 0.6666666666666666,
        "Hall_2012": 0.9519230769230769,
        "Jeyaraman_2020": 0.3541666666666667,
        "Leenaars_2020": 0.9862542955326461,
        "Moran_2021": 0.9279279279279279,
        "Muthu_2021": 0.9553571428571429,
        "Radjenovic_2013": 1.0,
        "Smid_2020": 0.9629629629629629,
        "Wassenaar_2017": 0.6216216216216216,
        "van_de_Schoot_2018": 0.9736842105263158,
        "van_der_Waal_2022": 0.5454545454545454
      }
    },
    {
      "threshold": 20,
      "shrinkage": 0.9,
      "reg_C": 0.1,
      "mean_delta": -0.07526513091912578,
      "worst_delta": -0.59375,
      "n_negative": 4,
      "sensitivities": {
        "Appenzeller-Herzog_2019": 0.34615384615384615,
        "Chou_2003": 0.6666666666666666,
        "Hall_2012": 0.9519230769230769,
        "Jeyaraman_2020": 0.3541666666666667,
        "Leenaars_2020": 0.9862542955326461,
        "Moran_2021": 0.9279279279279279,
        "Muthu_2021": 0.9553571428571429,
        "Radjenovic_2013": 1.0,
        "Smid_2020": 0.9629629629629629,
        "Wassenaar_2017": 0.6216216216216216,
        "van_de_Schoot_2018": 0.9736842105263158,
        "van_der_Waal_2022": 0.5454545454545454
      }
    },
    {
      "threshold": 50,
      "shrinkage": 0.0,
      "reg_C": 0.1,
      "mean_delta": -0.07427306742706229,
      "worst_delta": -0.59375,
      "n_negative": 3,
      "sensitivities": {
        "Appenzeller-Herzog_2019": 0.34615384615384615,
        "Chou_2003": 0.6666666666666666,
        "Hall_2012": 0.9519230769230769,
        "Jeyaraman_2020": 0.3541666666666667,
        "Leenaars_2020": 0.9862542955326461,
        "Moran_2021": 0.9279279279279279,
        "Muthu_2021": 0.9672619047619048,
        "Radjenovic_2013": 1.0,
        "Smid_2020": 0.9629629629629629,
        "Wassenaar_2017": 0.6216216216216216,
        "van_de_Schoot_2018": 0.9736842105263158,
        "van_der_Waal_2022": 0.5454545454545454
      }
    },
    {
      "threshold": 50,
      "shrinkage": 0.3,
      "reg_C": 0.1,
      "mean_delta": -0.07427306742706229,
      "worst_delta": -0.59375,
      "n_negative": 3,
      "sensitivities": {
        "Appenzeller-Herzog_2019": 0.34615384615384615,
        "Chou_2003": 0.6666666666666666,
        "Hall_2012": 0.9519230769230769,
        "Jeyaraman_2020": 0.3541666666666667,
        "Leenaars_2020": 0.9862542955326461,
        "Moran_2021": 0.9279279279279279,
        "Muthu_2021": 0.9672619047619048,
        "Radjenovic_2013": 1.0,
        "Smid_2020": 0.9629629629629629,
        "Wassenaar_2017": 0.6216216216216216,
        "van_de_Schoot_2018": 0.9736842105263158,
        "van_der_Waal_2022": 0.5454545454545454
      }
    },
    {
      "threshold": 50,
      "shrinkage": 0.5,
      "reg_C": 0.1,
      "mean_delta": -0.07427306742706229,
      "worst_delta": -0.59375,
      "n_negative": 3,
      "sensitivities": {
        "Appenzeller-Herzog_2019": 0.34615384615384615,
        "Chou_2003": 0.6666666666666666,
        "Hall_2012": 0.9519230769230769,
        "Jeyaraman_2020": 0.3541666666666667,
        "Leenaars_2020": 0.9862542955326461,
        "Moran_2021": 0.9279279279279279,
        "Muthu_2021": 0.9672619047619048,
        "Radjenovic_2013": 1.0,
        "Smid_2020": 0.9629629629629629,
        "Wassenaar_2017": 0.6216216216216216,
        "van_de_Schoot_2018": 0.9736842105263158,
        "van_der_Waal_2022": 0.5454545454545454
      }
    },
    {
      "threshold": 50,
      "shrinkage": 0.7,
      "reg_C": 0.1,
      "mean_delta": -0.07427306742706229,
      "worst_delta": -0.59375,
      "n_negative": 3,
      "sensitivities": {
        "Appenzeller-Herzog_2019": 0.34615384615384615,
        "Chou_2003": 0.6666666666666666,
        "Hall_2012": 0.9519230769230769,
        "Jeyaraman_2020": 0.3541666666666667,
        "Leenaars_2020": 0.9862542955326461,
        "Moran_2021": 0.9279279279279279,
        "Muthu_2021": 0.9672619047619048,
        "Radjenovic_2013": 1.0,
        "Smid_2020": 0.9629629629629629,
        "Wassenaar_2017": 0.6216216216216216,
        "van_de_Schoot_2018": 0.9736842105263158,
        "van_der_Waal_2022": 0.5454545454545454
      }
    },
    {
      "threshold": 50,
      "shrinkage": 0.9,
      "reg_C": 0.1,
      "mean_delta": -0.07427306742706229,
      "worst_delta": -0.59375,
      "n_negative": 3,
      "sensitivities": {
        "Appenzeller-Herzog_2019": 0.34615384615384615,
        "Chou_2003": 0.6666666666666666,
        "Hall_2012": 0.9519230769230769,
        "Jeyaraman_2020": 0.3541666666666667,
        "Leenaars_2020": 0.9862542955326461,
        "Moran_2021": 0.9279279279279279,
        "Muthu_2021": 0.9672619047619048,
        "Radjenovic_2013": 1.0,
        "Smid_2020": 0.9629629629629629,
        "Wassenaar_2017": 0.6216216216216216,
        "van_de_Schoot_2018": 0.9736842105263158,
        "van_der_Waal_2022": 0.5454545454545454
      }
    },
    {
      "threshold": 100,
      "shrinkage": 0.0,
      "reg_C": 0.1,