{
  "preset_summary": {
    "high_recall": {
      "mean_sens": 0.9490950941085247,
      "mean_spec": 0.11402468241293484,
      "mean_auto": 0.7633155528384724,
      "mean_fn": 2.6666666666666665,
      "pooled_sens": 0.978523489932886,
      "total_fn": 32
    },
    "balanced": {
      "mean_sens": 0.9522371670637123,
      "mean_spec": 0.12547306571292163,
      "mean_auto": 0.3813745253793293,
      "mean_fn": 3.0833333333333335,
      "pooled_sens": 0.9752176825184193,
      "total_fn": 37
    },
    "high_throughput": {
      "mean_sens": 0.7630894985139656,
      "mean_spec": 0.250146418117892,
      "mean_auto": 0.3664273677607004,
      "mean_fn": 14.583333333333334,
      "pooled_sens": 0.8827077747989276,
      "total_fn": 175
    }
  },
  "auroc_mean": 0.7114445910501943,
  "wss95_mean": 0.2564694826453762
}