{
  "headline_R": 0.985,
  "n_datasets_compared": 31,
  "n_datasets_below_R": 2,
  "datasets_below_R": [
    "CLEF_CD011977",
    "Cohen_BetaBlockers"
  ],
  "a13b_wins_count": 6,
  "a13b_wins_pct": 0.1935483870967742,
  "pooled": {
    "a13b_hr_count": 42962,
    "asr_nb_records": 24880.4,
    "asr_u4_records": 17333.399999999998,
    "asr_best": 17227.8,
    "delta": 25734.2,
    "n_total": 55818
  },
  "wilcoxon_workload": {
    "a13b_greater_workload": {
      "statistic": 440.0,
      "p_value": 2.806633710861206e-05,
      "alternative": "greater"
    },
    "a13b_less_workload": {
      "statistic": 440.0,
      "p_value": 0.9999748887494206,
      "alternative": "less"
    },
    "two_sided": {
      "statistic": 56.0,
      "p_value": 5.613267421722412e-05,
      "alternative": "two-sided"
    }
  },
  "verdict": "asr_dominates",
  "rows": [
    {
      "dataset": "CLEF_CD000996",
      "n_total": 281,
      "a13b_sens": 1.0,
      "a13b_fn": 0,
      "a13b_hr_count": 181,
      "a13b_hr_rate": 0.6441281138790036,
      "a13b_auto_exc": 92,
      "a13b_qualifies_R0985": true,
      "asr_nb_records_R0985_avg": 12.8,
      "asr_nb_wss_0985_avg": 0.9394483985765124,
      "asr_u4_records_R0985_avg": 9.4,
      "asr_u4_wss_0985_avg": 0.9515480427046263,
      "asr_min_records_R0985": 9,
      "asr_best_algo_records_R0985": 9.4,
      "a13b_minus_asr_records": 171.6,
      "a13b_wins": false
    },
    {
      "dataset": "CLEF_CD001261",
      "n_total": 571,
      "a13b_sens": 1.0,
      "a13b_fn": 0,
      "a13b_hr_count": 518,
      "a13b_hr_rate": 0.9071803852889667,
      "a13b_auto_exc": 7,
      "a13b_qualifies_R0985": true,
      "asr_nb_records_R0985_avg": 62.4,
      "asr_nb_wss_0985_avg": 0.8757180385288966,
      "asr_u4_records_R0985_avg": 62.2,
      "asr_u4_wss_0985_avg": 0.8760683012259194,
      "asr_min_records_R0985": 56,
      "asr_best_algo_records_R0985": 62.2,
      "a13b_minus_asr_records": 455.8,
      "a13b_wins": false
    },
    {
      "dataset": "CLEF_CD004414",
      "n_total": 336,
      "a13b_sens": 1.0,
      "a13b_fn": 0,
      "a13b_hr_count": 117,
      "a13b_hr_rate": 0.3482142857142857,
      "a13b_auto_exc": 198,
      "a13b_qualifies_R0985": true,
      "asr_nb_records_R0985_avg": 67,
      "asr_nb_wss_0985_avg": 0.7855952380952381,
      "asr_u4_records_R0985_avg": 43.6,
      "asr_u4_wss_0985_avg": 0.8552380952380952,
      "asr_min_records_R0985": 43,
      "asr_best_algo_records_R0985": 43.6,
      "a13b_minus_asr_records": 73.4,
      "a13b_wins": false
    },
    {
      "dataset": "CLEF_CD006468",
      "n_total": 3874,
      "a13b_sens": 1.0,
      "a13b_fn": 0,
      "a13b_hr_count": 3732,
      "a13b_hr_rate": 0.963345379452762,
      "a13b_auto_exc": 96,
      "a13b_qualifies_R0985": true,
      "asr_nb_records_R0985_avg": 183.8,
      "asr_nb_wss_0985_avg": 0.937555498193082,
      "asr_u4_records_R0985_avg": 64.4,
      "asr_u4_wss_0985_avg": 0.9683763551884357,
      "asr_min_records_R0985": 37,
      "asr_best_algo_records_R0985": 64.4,
      "a13b_minus_asr_records": 3667.6,
      "a13b_wins": false
    },
    {
      "dataset": "CLEF_CD007867",
      "n_total": 943,
      "a13b_sens": 1.0,
      "a13b_fn": 0,
      "a13b_hr_count": 796,
      "a13b_hr_rate": 0.8441145281018028,
      "a13b_auto_exc": 108,
      "a13b_qualifies_R0985": true,
      "asr_nb_records_R0985_avg": 246.8,
      "asr_nb_wss_0985_avg": 0.7232820784729587,
      "asr_u4_records_R0985_avg": 194.8,
      "asr_u4_wss_0985_avg": 0.7784252386002121,
      "asr_min_records_R0985": 76,
      "asr_best_algo_records_R0985": 194.8,
      "a13b_minus_asr_records": 601.2,
      "a13b_wins": false
    },
    {
      "dataset": "CLEF_CD009069",
      "n_total": 1757,
      "a13b_sens": 1.0,
      "a13b_fn": 0,
      "a13b_hr_count": 1540,
      "a13b_hr_rate": 0.8764940239043825,
      "a13b_auto_exc": 53,
      "a13b_qualifies_R0985": true,
      "asr_nb_records_R0985_avg": 337.4,
      "asr_nb_wss_0985_avg": 0.7929681274900399,
      "asr_u4_records_R0985_avg": 139.2,
      "asr_u4_wss_0985_avg": 0.905774046670461,
      "asr_min_records_R0985": 100,
      "asr_best_algo_records_R0985": 139.2,
      "a13b_minus_asr_records": 1400.8,
      "a13b_wins": false
    },
    {
      "dataset": "CLEF_CD009642",
      "n_total": 1922,
      "a13b_sens": 1.0,
      "a13b_fn": 0,
      "a13b_hr_count": 1842,
      "a13b_hr_rate": 0.9583766909469302,
      "a13b_auto_exc": 19,
      "a13b_qualifies_R0985": true,
      "asr_nb_records_R0985_avg": 805.2,
      "asr_nb_wss_0985_avg": 0.5660613943808532,
      "asr_u4_records_R0985_avg": 713,
      "asr_u4_wss_0985_avg": 0.6140322580645161,
      "asr_min_records_R0985": 713,
      "asr_best_algo_records_R0985": 713,
      "a13b_minus_asr_records": 1129,
      "a13b_wins": false
    },
    {
      "dataset": "CLEF_CD010038",
      "n_total": 8867,
      "a13b_sens": 1.0,
      "a13b_fn": 0,
      "a13b_hr_count": 4698,
      "a13b_hr_rate": 0.5298297056501635,
      "a13b_auto_exc": 4131,
      "a13b_qualifies_R0985": true,
      "asr_nb_records_R0985_avg": 3983.2,
      "asr_nb_wss_0985_avg": 0.5357838051201083,
      "asr_u4_records_R0985_avg": 1150.8,
      "asr_u4_wss_0985_avg": 0.8552154054358858,
      "asr_min_records_R0985": 1020,
      "asr_best_algo_records_R0985": 1150.8,
      "a13b_minus_asr_records": 3547.2,
      "a13b_wins": false
    },
    {
      "dataset": "CLEF_CD010239",
      "n_total": 224,
      "a13b_sens": 1.0,
      "a13b_fn": 0,
      "a13b_hr_count": 209,
      "a13b_hr_rate": 0.9330357142857143,
      "a13b_auto_exc": 1,
      "a13b_qualifies_R0985": true,
      "asr_nb_records_R0985_avg": 14.8,
      "asr_nb_wss_0985_avg": 0.9189285714285714,
      "asr_u4_records_R0985_avg": 11.2,
      "asr_u4_wss_0985_avg": 0.9349999999999999,
      "asr_min_records_R0985": 11,
      "asr_best_algo_records_R0985": 11.2,
      "a13b_minus_asr_records": 197.8,
      "a13b_wins": false
    },
    {
      "dataset": "CLEF_CD010558",
      "n_total": 2815,
      "a13b_sens": 1.0,
      "a13b_fn": 0,
      "a13b_hr_count": 1833,
      "a13b_hr_rate": 0.6511545293072825,
      "a13b_auto_exc": 942,
      "a13b_qualifies_R0985": true,
      "asr_nb_records_R0985_avg": 483.4,
      "asr_nb_wss_0985_avg": 0.8132770870337478,
      "asr_u4_records_R0985_avg": 222.2,
      "asr_u4_wss_0985_avg": 0.9060657193605683,
      "asr_min_records_R0985": 175,
      "asr_best_algo_records_R0985": 222.2,
      "a13b_minus_asr_records": 1610.8,
      "a13b_wins": false
    },
    {
      "dataset": "CLEF_CD010753",
      "n_total": 2539,
      "a13b_sens": 1.0,
      "a13b_fn": 0,
      "a13b_hr_count": 2450,
      "a13b_hr_rate": 0.9649468294604174,
      "a13b_auto_exc": 8,
      "a13b_qualifies_R0985": true,
      "asr_nb_records_R0985_avg": 1844.6,
      "asr_nb_wss_0985_avg": 0.25849350137849547,
      "asr_u4_records_R0985_avg": 580.8,
      "asr_u4_wss_0985_avg": 0.7562485230405671,
      "asr_min_records_R0985": 567,
      "asr_best_algo_records_R0985": 580.8,
      "a13b_minus_asr_records": 1869.2,
      "a13b_wins": false
    },
    {
      "dataset": "CLEF_CD011571",
      "n_total": 146,
      "a13b_sens": 1.0,
      "a13b_fn": 0,
      "a13b_hr_count": 110,
      "a13b_hr_rate": 0.7534246575342466,
      "a13b_auto_exc": 31,
      "a13b_qualifies_R0985": true,
      "asr_nb_records_R0985_avg": 16.4,
      "asr_nb_wss_0985_avg": 0.8726712328767123,
      "asr_u4_records_R0985_avg": 19,
      "asr_u4_wss_0985_avg": 0.8548630136986302,
      "asr_min_records_R0985": 13,
      "asr_best_algo_records_R0985": 16.4,
      "a13b_minus_asr_records": 93.6,
      "a13b_wins": false
    },
    {
      "dataset": "CLEF_CD011768",
      "n_total": 9160,
      "a13b_sens": 1.0,
      "a13b_fn": 0,
      "a13b_hr_count": 8177,
      "a13b_hr_rate": 0.8926855895196506,
      "a13b_auto_exc": 907,
      "a13b_qualifies_R0985": true,
      "asr_nb_records_R0985_avg": 993.8,