{
  "scope": "external_forced_binary_frontier",
  "datasets": [
    "CLEF_CD000996",
    "CLEF_CD001261",
    "CLEF_CD004414",
    "CLEF_CD006468",
    "CLEF_CD007867",
    "CLEF_CD009069",
    "CLEF_CD009642",
    "CLEF_CD010038",
    "CLEF_CD010239",
    "CLEF_CD010558",
    "CLEF_CD010753",
    "CLEF_CD011571",
    "CLEF_CD011768",
    "CLEF_CD011977",
    "CLEF_CD012069",
    "CLEF_CD012164",
    "CLEF_CD012455",
    "CLEF_CD012551",
    "Cohen_ACEInhibitors",
    "Cohen_ADHD",
    "Cohen_Antihistamines",
    "Cohen_AtypicalAntipsychotics",
    "Cohen_BetaBlockers",
    "Cohen_CalciumChannelBlockers",
    "Cohen_Estrogens",
    "Cohen_NSAIDS",
    "Cohen_Opiods",
    "Cohen_OralHypoglycemics",
    "Cohen_ProtonPumpInhibitors",
    "Cohen_SkeletalMuscleRelaxants",
    "Cohen_Statins",
    "Cohen_Triptans",
    "Cohen_UrinaryIncontinence"
  ],
  "n_datasets": 33,
  "excluded_no_sensitivity_datasets": [
    "CLEF_CD011140",
    "CLEF_CD012342"
  ],
  "n_records": 58085,
  "n_includes": 1356,
  "n_excludes": 56729,
  "fixed_strategies": [
    {
      "strategy": "hr_as_include",
      "threshold": "",
      "n": 58085,
      "tp": 1353,
      "fn": 3,
      "fp": 48772,
      "tn": 7957,
      "sensitivity": 0.9977876106194691,
      "specificity": 0.14026335736572124,
      "ppv": 0.026992518703241895,
      "npv": 0.9996231155778894,
      "accuracy": 0.1602823448394594,
      "auto_rate": 1.0,
      "include_rate": 0.8629594559696996,
      "exclude_rate": 0.13704054403030042
    },
    {
      "strategy": "hr_as_exclude",
      "threshold": "",
      "n": 58085,
      "tp": 818,
      "fn": 538,
      "fp": 4643,
      "tn": 52086,
      "sensitivity": 0.6032448377581121,
      "specificity": 0.9181547356731126,
      "ppv": 0.14978941585790148,
      "npv": 0.9897765278200061,
      "accuracy": 0.910803133339072,
      "auto_rate": 1.0,
      "include_rate": 0.094017388310235,
      "exclude_rate": 0.905982611689765
    }
  ],
  "best_at_min_sensitivity": {
    "0.99": {
      "strategy": "p_include_threshold",
      "threshold": 0.00079356887414463,
      "n": 58085,
      "tp": 1343,
      "fn": 13,
      "fp": 54615,
      "tn": 2114,
      "sensitivity": 0.9904129793510325,
      "specificity": 0.03726489097287102,
      "ppv": 0.02400014296436613,
      "npv": 0.9938881053126469,
      "accuracy": 0.05951622622019454,
      "auto_rate": 1.0,
      "include_rate": 0.963381251614014,
      "exclude_rate": 0.036618748385986055
    },
    "0.995": {
      "strategy": "p_include_threshold",
      "threshold": 0.0005059722657493398,
      "n": 58085,
      "tp": 1350,
      "fn": 6,
      "fp": 56284,
      "tn": 445,
      "sensitivity": 0.995575221238938,
      "specificity": 0.007844312432794515,
      "ppv": 0.023423673526043656,
      "npv": 0.9866962305986696,
      "accuracy": 0.030902987001807696,
      "auto_rate": 1.0,
      "include_rate": 0.9922355169148661,
      "exclude_rate": 0.007764483085133856
    },
    "0.997": {
      "strategy": "p_include_threshold",
      "threshold": 0.00027890632391920243,
      "n": 58085,
      "tp": 1352,
      "fn": 4,
      "fp": 56309,
      "tn": 420,
      "sensitivity": 0.9970501474926253,
      "specificity": 0.007403620723086957,
      "ppv": 0.023447390784065485,
      "npv": 0.9905660377358491,
      "accuracy": 0.030507015580614617,
      "auto_rate": 1.0,
      "include_rate": 0.9927003529310493,
      "exclude_rate": 0.007299647068950676
    },
    "0.998": {
      "strategy": "p_include_threshold",
      "threshold": 3.087964122275701e-05,
      "n": 58085,
      "tp": 1354,
      "fn": 2,
      "fp": 56415,
      "tn": 314,
      "sensitivity": 0.9985250737463127,
      "specificity": 0.005535087873926915,
      "ppv": 0.023438176184458794,
      "npv": 0.9936708860759493,
      "accuracy": 0.028716536110871996,
      "auto_rate": 1.0,
      "include_rate": 0.9945596969957821,
      "exclude_rate": 0.005440303004217956
    }
  },
  "best_youden": {
    "strategy": "p_include_threshold",
    "threshold": 0.015228686388887877,
    "n": 58085,
    "tp": 882,
    "fn": 474,
    "fp": 5182,
    "tn": 51547,
    "sensitivity": 0.6504424778761062,
    "specificity": 0.9086534224118176,
    "ppv": 0.14544854881266492,
    "npv": 0.9908882951115896,
    "accuracy": 0.9026254626839976,
    "auto_rate": 1.0,
    "include_rate": 0.10439872600499268,
    "exclude_rate": 0.8956012739950073
  },
  "best_f1": {
    "strategy": "p_include_threshold",
    "threshold": 0.05332321274079341,
    "n": 58085,
    "tp": 619,
    "fn": 737,
    "fp": 2243,
    "tn": 54486,
    "sensitivity": 0.4564896755162242,
    "specificity": 0.960461139805038,
    "ppv": 0.21628232005590498,
    "npv": 0.9866541115115078,
    "accuracy": 0.948695876732375,
    "auto_rate": 1.0,
    "include_rate": 0.049272617715417064,
    "exclude_rate": 0.950727382284583
  },
  "macro_note": "pooled metrics across sensitivity-evaluable external datasets"
}
